,contract,direction,order,symbol
0,traded,HOLD,not_applicable,A
1,traded,HOLD,not_applicable,AAL
2,traded,HOLD,not_applicable,AAP
3,traded,HOLD,not_applicable,AAPL
4,traded,HOLD,not_applicable,ABB
5,traded,HOLD,not_applicable,ABBV
6,traded,HOLD,not_applicable,ABC
7,traded,HOLD,not_applicable,ABEV
8,traded,HOLD,not_applicable,ABMD
9,traded,HOLD,not_applicable,ABT
10,traded,HOLD,not_applicable,ACAD
11,traded,HOLD,not_applicable,ACC
12,traded,HOLD,not_applicable,ACGL
13,traded,HOLD,not_applicable,ACGLO
14,traded,HOLD,not_applicable,ACGLP
15,traded,HOLD,not_applicable,ACH
16,traded,HOLD,not_applicable,ACM
17,traded,HOLD,not_applicable,ACN
18,traded,HOLD,not_applicable,ADBE
19,traded,HOLD,not_applicable,ADI
20,traded,HOLD,not_applicable,ADM
21,traded,HOLD,not_applicable,ADP
22,traded,HOLD,not_applicable,ADSK
23,traded,HOLD,not_applicable,AEE
24,traded,HOLD,not_applicable,AEG
25,traded,HOLD,not_applicable,AEM
26,traded,HOLD,not_applicable,AEP
27,traded,HOLD,not_applicable,AER
28,traded,HOLD,not_applicable,AES
29,traded,HOLD,not_applicable,AFG
30,traded,HOLD,not_applicable,AFL
31,traded,HOLD,not_applicable,AGN
32,traded,HOLD,not_applicable,AGNC
33,traded,HOLD,not_applicable,AGNCM
34,traded,HOLD,not_applicable,AGNCN
35,traded,HOLD,not_applicable,AGR
36,traded,HOLD,not_applicable,AIG
37,traded,HOLD,not_applicable,AIV
38,traded,HOLD,not_applicable,AIZ
39,traded,HOLD,not_applicable,AIZP
40,traded,HOLD,not_applicable,AJG
41,traded,HOLD,not_applicable,AKAM
42,traded,HOLD,not_applicable,ALB
43,traded,HOLD,not_applicable,ALC
44,traded,HOLD,not_applicable,ALGN
45,traded,HOLD,not_applicable,ALK
46,traded,HOLD,not_applicable,ALL
47,traded,HOLD,not_applicable,ALLE
48,traded,HOLD,not_applicable,ALLY
49,traded,HOLD,not_applicable,ALNY
50,traded,HOLD,not_applicable,ALV
51,traded,HOLD,not_applicable,ALXN
52,traded,HOLD,not_applicable,AMAT
53,traded,HOLD,not_applicable,AMCR
54,traded,HOLD,not_applicable,AMD
55,traded,HOLD,not_applicable,AME
56,traded,HOLD,not_applicable,AMED
57,traded,HOLD,not_applicable,AMGN
58,traded,HOLD,not_applicable,AMH
59,traded,HOLD,not_applicable,AMP
60,traded,HOLD,not_applicable,AMRN
61,traded,HOLD,not_applicable,AMT
62,traded,HOLD,not_applicable,AMTD
63,traded,HOLD,not_applicable,AMX
64,traded,HOLD,not_applicable,AMZN
65,traded,HOLD,not_applicable,ANET
66,traded,HOLD,not_applicable,ANSS
67,traded,HOLD,not_applicable,ANTM
68,traded,HOLD,not_applicable,AON
69,traded,HOLD,not_applicable,AOS
70,traded,HOLD,not_applicable,APA
71,traded,HOLD,not_applicable,APD
72,traded,HOLD,not_applicable,APH
73,traded,HOLD,not_applicable,APO
74,traded,HOLD,not_applicable,APTV
75,traded,HOLD,not_applicable,AQN
76,traded,HOLD,not_applicable,ARCC
77,traded,HOLD,not_applicable,ARE
78,traded,HOLD,not_applicable,ARES
79,traded,HOLD,not_applicable,ARGX
80,traded,HOLD,not_applicable,ARMK
81,traded,HOLD,not_applicable,ARNC
82,traded,HOLD,not_applicable,ARW
83,traded,HOLD,not_applicable,ASML
84,traded,HOLD,not_applicable,ASND
85,traded,HOLD,not_applicable,ASX
86,traded,HOLD,not_applicable,ATH
87,traded,HOLD,not_applicable,ATHM
88,traded,HOLD,not_applicable,ATO
89,traded,HOLD,not_applicable,ATR
90,traded,HOLD,not_applicable,ATUS
91,traded,HOLD,not_applicable,ATVI
92,traded,HOLD,not_applicable,AU
93,traded,HOLD,not_applicable,AVB
94,traded,HOLD,not_applicable,AVGO
95,traded,HOLD,not_applicable,AVLR
96,traded,HOLD,not_applicable,AVTR
97,traded,HOLD,not_applicable,AVY
98,traded,HOLD,not_applicable,AWK
99,traded,HOLD,not_applicable,AXP
100,traded,HOLD,not_applicable,AXTA
101,traded,HOLD,not_applicable,AYX
102,traded,HOLD,not_applicable,AZN
103,traded,HOLD,not_applicable,AZO
104,traded,HOLD,not_applicable,AZPN
105,traded,HOLD,not_applicable,BA
106,traded,HOLD,not_applicable,BABA
107,traded,HOLD,not_applicable,BAC
108,traded,HOLD,not_applicable,BAH
109,traded,HOLD,not_applicable,BAM
110,traded,HOLD,not_applicable,BAP
111,traded,HOLD,not_applicable,BATRA
112,traded,HOLD,not_applicable,BAX
113,traded,HOLD,not_applicable,BBD
114,traded,HOLD,not_applicable,BBDO
115,traded,HOLD,not_applicable,BBL
116,traded,HOLD,not_applicable,BBVA
117,traded,HOLD,not_applicable,BBY
118,traded,HOLD,not_applicable,BCE
119,traded,HOLD,not_applicable,BCH
120,traded,HOLD,not_applicable,BCS
121,traded,HOLD,not_applicable,BDX
122,traded,HOLD,not_applicable,BEN
123,traded,HOLD,not_applicable,BEP
124,traded,HOLD,not_applicable,BFAM
125,traded,HOLD,not_applicable,BG
126,traded,HOLD,not_applicable,BGNE
127,traded,HOLD,not_applicable,BHC
128,traded,HOLD,not_applicable,BHP
129,traded,HOLD,not_applicable,BIDU
130,traded,HOLD,not_applicable,BIIB
131,traded,HOLD,not_applicable,BILI
132,traded,HOLD,not_applicable,BIO
133,traded,HOLD,not_applicable,BIP
134,traded,HOLD,not_applicable,BK
135,traded,HOLD,not_applicable,BKI
136,traded,HOLD,not_applicable,BKNG
137,traded,HOLD,not_applicable,BKR
138,traded,HOLD,not_applicable,BLK
139,traded,HOLD,not_applicable,BLL
140,traded,HOLD,not_applicable,BMO
141,traded,HOLD,not_applicable,BMRN
142,traded,HOLD,not_applicable,BMY
143,traded,HOLD,not_applicable,BNS
144,traded,HOLD,not_applicable,BNTX
145,traded,HOLD,not_applicable,BP
146,traded,HOLD,not_applicable,BPY
147,traded,HOLD,not_applicable,BR
148,traded,HOLD,not_applicable,BRKR
149,traded,HOLD,not_applicable,BRO
150,traded,HOLD,not_applicable,BSAC
151,traded,HOLD,not_applicable,BSBR
152,traded,HOLD,not_applicable,BSX
153,traded,HOLD,not_applicable,BTI
154,traded,HOLD,not_applicable,BUD
155,traded,HOLD,not_applicable,BURL
156,traded,HOLD,not_applicable,BWA
157,traded,HOLD,not_applicable,BWXT
158,traded,HOLD,not_applicable,BX
159,traded,HOLD,not_applicable,BXP
160,traded,HOLD,not_applicable,BYND
161,traded,HOLD,not_applicable,C
162,traded,HOLD,not_applicable,CABO
163,traded,HOLD,not_applicable,CACC
164,traded,HOLD,not_applicable,CACI
165,traded,HOLD,not_applicable,CAE
166,traded,HOLD,not_applicable,CAG
167,traded,HOLD,not_applicable,CAH
168,traded,HOLD,not_applicable,CAJ
169,traded,HOLD,not_applicable,CASY
170,traded,HOLD,not_applicable,CAT
171,traded,HOLD,not_applicable,CB
172,traded,HOLD,not_applicable,CBOE
173,traded,HOLD,not_applicable,CBRE
174,traded,HOLD,not_applicable,CBSH
175,traded,HOLD,not_applicable,CCC
176,traded,HOLD,not_applicable,CCEP
177,traded,HOLD,not_applicable,CCI
178,traded,HOLD,not_applicable,CCK
179,traded,HOLD,not_applicable,CCL
180,traded,HOLD,not_applicable,CDAY
181,traded,HOLD,not_applicable,CDK
182,traded,HOLD,not_applicable,CDNS
183,traded,HOLD,not_applicable,CDW
184,traded,HOLD,not_applicable,CE
185,traded,HOLD,not_applicable,CEA
186,traded,HOLD,not_applicable,CEO
187,traded,HOLD,not_applicable,CERN
188,traded,HOLD,not_applicable,CF
189,traded,HOLD,not_applicable,CFG
190,traded,HOLD,not_applicable,CFXA
191,traded,HOLD,not_applicable,CG
192,traded,HOLD,not_applicable,CGC
193,traded,HOLD,not_applicable,CGNX
194,traded,HOLD,not_applicable,CHA
195,traded,HOLD,not_applicable,CHD
196,traded,HOLD,not_applicable,CHDN
197,traded,HOLD,not_applicable,CHE
198,traded,HOLD,not_applicable,CHKP
199,traded,HOLD,not_applicable,CHL
200,traded,HOLD,not_applicable,CHRW
201,traded,HOLD,not_applicable,CHT
202,traded,HOLD,not_applicable,CHTR
203,traded,HOLD,not_applicable,CHU
204,traded,HOLD,not_applicable,CHWY
205,traded,HOLD,not_applicable,CI
206,traded,HOLD,not_applicable,CIB
207,traded,HOLD,not_applicable,CIEN
208,traded,HOLD,not_applicable,CINF
209,traded,HOLD,not_applicable,CL
210,traded,HOLD,not_applicable,CLR
211,traded,HOLD,not_applicable,CLX
212,traded,HOLD,not_applicable,CM
213,traded,HOLD,not_applicable,CMA
214,traded,HOLD,not_applicable,CMCSA
215,traded,HOLD,not_applicable,CME
216,traded,HOLD,not_applicable,CMG
217,traded,HOLD,not_applicable,CMI
218,traded,HOLD,not_applicable,CMS
219,traded,HOLD,not_applicable,CNA
220,traded,HOLD,not_applicable,CNC
221,traded,HOLD,not_applicable,CNHI
222,traded,HOLD,not_applicable,CNI
223,traded,HOLD,not_applicable,CNP
224,traded,HOLD,not_applicable,CNQ
225,traded,HOLD,not_applicable,COF
226,traded,HOLD,not_applicable,COLD
227,traded,HOLD,not_applicable,CONE
228,traded,HOLD,not_applicable,COO
229,traded,HOLD,not_applicable,COP
230,traded,HOLD,not_applicable,COST
231,traded,HOLD,not_applicable,COTY
232,traded,HOLD,not_applicable,COUP
233,traded,HOLD,not_applicable,CP
234,traded,HOLD,not_applicable,CPB
235,traded,HOLD,not_applicable,CPRT
236,traded,HOLD,not_applicable,CPT
237,traded,HOLD,not_applicable,CQP
238,traded,HOLD,not_applicable,CRH
239,traded,HOLD,not_applicable,CRL
240,traded,HOLD,not_applicable,CRM
241,traded,HOLD,not_applicable,CRWD
242,traded,HOLD,not_applicable,CS
243,traded,HOLD,not_applicable,CSCO
244,traded,HOLD,not_applicable,CSGP
245,traded,HOLD,not_applicable,CSL
246,traded,HOLD,not_applicable,CSX
247,traded,HOLD,not_applicable,CTAS
248,traded,HOLD,not_applicable,CTL
249,traded,HOLD,not_applicable,CTLT
250,traded,HOLD,not_applicable,CTSH
251,traded,HOLD,not_applicable,CTVA
252,traded,HOLD,not_applicable,CTXS
253,traded,HOLD,not_applicable,CUBE
254,traded,HOLD,not_applicable,CUK
255,traded,HOLD,not_applicable,CVE
256,traded,HOLD,not_applicable,CVNA
257,traded,HOLD,not_applicable,CVS
258,traded,HOLD,not_applicable,CVX
259,traded,HOLD,not_applicable,CW
260,traded,HOLD,not_applicable,CXO
261,traded,HOLD,not_applicable,CY
262,traded,HOLD,not_applicable,CZR
263,traded,HOLD,not_applicable,D
264,traded,HOLD,not_applicable,DAL
265,traded,HOLD,not_applicable,DB
266,traded,HOLD,not_applicable,DBX
267,traded,HOLD,not_applicable,DCI
268,traded,HOLD,not_applicable,DCUE
269,traded,HOLD,not_applicable,DD
270,traded,HOLD,not_applicable,DDOG
271,traded,HOLD,not_applicable,DE
272,traded,HOLD,not_applicable,DEI
273,traded,HOLD,not_applicable,DELL
274,traded,HOLD,not_applicable,DEO
275,traded,HOLD,not_applicable,DFS
276,traded,HOLD,not_applicable,DG
277,traded,HOLD,not_applicable,DGX
278,traded,HOLD,not_applicable,DHI
279,traded,HOLD,not_applicable,DHR
280,traded,HOLD,not_applicable,DIS
281,traded,HOLD,not_applicable,DISCA
282,traded,HOLD,not_applicable,DISH
283,traded,HOLD,not_applicable,DLB
284,traded,HOLD,not_applicable,DLR
285,traded,HOLD,not_applicable,DLTR
286,traded,HOLD,not_applicable,DNKN
287,traded,HOLD,not_applicable,DOCU
288,traded,HOLD,not_applicable,DOV
289,traded,HOLD,not_applicable,DOW
290,traded,HOLD,not_applicable,DOX
291,traded,HOLD,not_applicable,DPZ
292,traded,HOLD,not_applicable,DRE
293,traded,HOLD,not_applicable,DRI
294,traded,HOLD,not_applicable,DT
295,traded,HOLD,not_applicable,DTE
296,traded,HOLD,not_applicable,DUK
297,traded,HOLD,not_applicable,DVA
298,traded,HOLD,not_applicable,DVN
299,traded,HOLD,not_applicable,DXC
300,traded,HOLD,not_applicable,DXCM
301,traded,HOLD,not_applicable,E
302,traded,HOLD,not_applicable,EA
303,traded,HOLD,not_applicable,EBAY
304,traded,HOLD,not_applicable,EBAYL
305,traded,HOLD,not_applicable,EBR
306,traded,HOLD,not_applicable,EC
307,traded,HOLD,not_applicable,ECL
308,traded,HOLD,not_applicable,ED
309,traded,HOLD,not_applicable,EDU
310,traded,HOLD,not_applicable,EEFT
311,traded,HOLD,not_applicable,EFX
312,traded,HOLD,not_applicable,EHC
313,traded,HOLD,not_applicable,EIX
314,traded,HOLD,not_applicable,EL
315,traded,HOLD,not_applicable,ELAN
316,traded,HOLD,not_applicable,ELS
317,traded,HOLD,not_applicable,EMN
318,traded,HOLD,not_applicable,EMR
319,traded,HOLD,not_applicable,ENB
320,traded,HOLD,not_applicable,ENIA
321,traded,HOLD,not_applicable,ENIC
322,traded,HOLD,not_applicable,ENTG
323,traded,HOLD,not_applicable,EOG
324,traded,HOLD,not_applicable,EPAM
325,traded,HOLD,not_applicable,EPD
326,traded,HOLD,not_applicable,EQH
327,traded,HOLD,not_applicable,EQIX
328,traded,HOLD,not_applicable,EQNR
329,traded,HOLD,not_applicable,EQR
330,traded,HOLD,not_applicable,ERIC
331,traded,HOLD,not_applicable,ERIE
332,traded,HOLD,not_applicable,ES
333,traded,HOLD,not_applicable,ESLT
334,traded,HOLD,not_applicable,ESS
335,traded,HOLD,not_applicable,ET
336,traded,HOLD,not_applicable,ETFC
337,traded,HOLD,not_applicable,ETN
338,traded,HOLD,not_applicable,ETR
339,traded,HOLD,not_applicable,EVRG
340,traded,HOLD,not_applicable,EW
341,traded,HOLD,not_applicable,EWBC
342,traded,HOLD,not_applicable,EXAS
343,traded,HOLD,not_applicable,EXC
344,traded,HOLD,not_applicable,EXPD
345,traded,HOLD,not_applicable,EXPE
346,traded,HOLD,not_applicable,EXR
347,traded,HOLD,not_applicable,F
348,traded,HOLD,not_applicable,FAF
349,traded,HOLD,not_applicable,FANG
350,traded,HOLD,not_applicable,FAST
351,traded,HOLD,not_applicable,FB
352,traded,HOLD,not_applicable,FBHS
353,traded,HOLD,not_applicable,FCAU
354,traded,HOLD,not_applicable,FCX
355,traded,HOLD,not_applicable,FDS
356,traded,HOLD,not_applicable,FDX
357,traded,HOLD,not_applicable,FE
358,traded,HOLD,not_applicable,FFIV
359,traded,HOLD,not_applicable,FICO
360,traded,HOLD,not_applicable,FIS
361,traded,HOLD,not_applicable,FISV
362,traded,HOLD,not_applicable,FITB
363,traded,HOLD,not_applicable,FIVE
364,traded,HOLD,not_applicable,FLEX
365,traded,HOLD,not_applicable,FLIR
366,traded,HOLD,not_applicable,FLT
367,traded,HOLD,not_applicable,FMC
368,traded,HOLD,not_applicable,FMS
369,traded,HOLD,not_applicable,FMX
370,traded,HOLD,not_applicable,FNF
371,traded,HOLD,not_applicable,FNV
372,traded,HOLD,not_applicable,FOXA
373,traded,HOLD,not_applicable,FRC
374,traded,HOLD,not_applicable,FRT
375,traded,HOLD,not_applicable,FTI
376,traded,HOLD,not_applicable,FTNT
377,traded,HOLD,not_applicable,FTS
378,traded,HOLD,not_applicable,FTV
379,traded,HOLD,not_applicable,FWONA
380,traded,HOLD,not_applicable,FWONK
381,traded,HOLD,not_applicable,G
382,traded,HOLD,not_applicable,GD
383,traded,HOLD,not_applicable,GDDY
384,traded,HOLD,not_applicable,GDS
385,traded,HOLD,not_applicable,GE
386,traded,HOLD,not_applicable,GGB
387,traded,HOLD,not_applicable,GGG
388,traded,HOLD,not_applicable,GH
389,traded,HOLD,not_applicable,GIB
390,traded,HOLD,not_applicable,GILD
391,traded,HOLD,not_applicable,GIS
392,traded,HOLD,not_applicable,GL
393,traded,HOLD,not_applicable,GLIBA
394,traded,HOLD,not_applicable,GLPG
395,traded,HOLD,not_applicable,GLPI
396,traded,HOLD,not_applicable,GLW
397,traded,HOLD,not_applicable,GM
398,traded,HOLD,not_applicable,GMAB
399,traded,HOLD,not_applicable,GNRC
400,traded,HOLD,not_applicable,GNTX
401,traded,HOLD,not_applicable,GOLD
402,traded,HOLD,not_applicable,GOOG
403,traded,HOLD,not_applicable,GOOGL
404,traded,HOLD,not_applicable,GPC
405,traded,HOLD,not_applicable,GPN
406,traded,HOLD,not_applicable,GPS
407,traded,HOLD,not_applicable,GRFS
408,traded,HOLD,not_applicable,GRMN
409,traded,HOLD,not_applicable,GS
410,traded,HOLD,not_applicable,GSK
411,traded,HOLD,not_applicable,GSX
412,traded,HOLD,not_applicable,GWRE
413,traded,HOLD,not_applicable,GWW
414,traded,HOLD,not_applicable,H
415,traded,HOLD,not_applicable,HAL
416,traded,HOLD,not_applicable,HAS
417,traded,HOLD,not_applicable,HBAN
418,traded,HOLD,not_applicable,HCA
419,traded,HOLD,not_applicable,HD
420,traded,HOLD,not_applicable,HDB
421,traded,HOLD,not_applicable,HDS
422,traded,HOLD,not_applicable,HEI
423,traded,HOLD,not_applicable,HES
424,traded,HOLD,not_applicable,HFC
425,traded,HOLD,not_applicable,HIG
426,traded,HOLD,not_applicable,HII
427,traded,HOLD,not_applicable,HLT
428,traded,HOLD,not_applicable,HMC
429,traded,HOLD,not_applicable,HNP
430,traded,HOLD,not_applicable,HOLX
431,traded,HOLD,not_applicable,HON
432,traded,HOLD,not_applicable,HPE
433,traded,HOLD,not_applicable,HPQ
434,traded,HOLD,not_applicable,HRC
435,traded,HOLD,not_applicable,HRL
436,traded,HOLD,not_applicable,HSBC
437,traded,HOLD,not_applicable,HSIC
438,traded,HOLD,not_applicable,HST
439,traded,HOLD,not_applicable,HSY
440,traded,HOLD,not_applicable,HTA
441,traded,HOLD,not_applicable,HTHT
442,traded,HOLD,not_applicable,HUBB
443,traded,HOLD,not_applicable,HUBS
444,traded,HOLD,not_applicable,HUM
445,traded,HOLD,not_applicable,HXL
446,traded,HOLD,not_applicable,HZNP
447,traded,HOLD,not_applicable,IAA
448,traded,HOLD,not_applicable,IAC
449,traded,HOLD,not_applicable,IBKR
450,traded,HOLD,not_applicable,IBM
451,traded,HOLD,not_applicable,IBN
452,traded,HOLD,not_applicable,ICE
453,traded,HOLD,not_applicable,ICLR
454,traded,HOLD,not_applicable,IDXX
455,traded,HOLD,not_applicable,IEP
456,traded,HOLD,not_applicable,IEX
457,traded,HOLD,not_applicable,IFF
458,traded,HOLD,not_applicable,IHG
459,traded,HOLD,not_applicable,ILMN
460,traded,HOLD,not_applicable,IMO
461,traded,HOLD,not_applicable,INCY
462,traded,HOLD,not_applicable,INFO
463,traded,HOLD,not_applicable,INFY
464,traded,HOLD,not_applicable,ING
465,traded,HOLD,not_applicable,INGR
466,traded,HOLD,not_applicable,INTC
467,traded,HOLD,not_applicable,INTU
468,traded,HOLD,not_applicable,INVH
469,traded,HOLD,not_applicable,INXN
470,traded,HOLD,not_applicable,IONS
471,traded,HOLD,not_applicable,IP
472,traded,HOLD,not_applicable,IPG
473,traded,HOLD,not_applicable,IPGP
474,traded,HOLD,not_applicable,IQ
475,traded,HOLD,not_applicable,IQV
476,traded,HOLD,not_applicable,IR
477,traded,HOLD,not_applicable,IRM
478,traded,HOLD,not_applicable,ISRG
479,traded,HOLD,not_applicable,IT
480,traded,HOLD,not_applicable,ITUB
481,traded,HOLD,not_applicable,ITW
482,traded,HOLD,not_applicable,IVV
483,traded,HOLD,not_applicable,IVZ
484,traded,HOLD,not_applicable,IX
485,traded,HOLD,not_applicable,J
486,traded,HOLD,not_applicable,JAZZ
487,traded,HOLD,not_applicable,JBHT
488,traded,HOLD,not_applicable,JCI
489,traded,HOLD,not_applicable,JD
490,traded,HOLD,not_applicable,JEF
491,traded,HOLD,not_applicable,JHX
492,traded,HOLD,not_applicable,JKHY
493,traded,HOLD,not_applicable,JLL
494,traded,HOLD,not_applicable,JNJ
495,traded,HOLD,not_applicable,JNPR
496,traded,HOLD,not_applicable,JPM
497,traded,HOLD,not_applicable,K
498,traded,HOLD,not_applicable,KB
499,traded,HOLD,not_applicable,KDP
500,traded,HOLD,not_applicable,KEP
501,traded,HOLD,not_applicable,KEY
502,traded,HOLD,not_applicable,KEYS
503,traded,HOLD,not_applicable,KGC
504,traded,HOLD,not_applicable,KHC
505,traded,HOLD,not_applicable,KIM
506,traded,HOLD,not_applicable,KKR
507,traded,HOLD,not_applicable,KL
508,traded,HOLD,not_applicable,KLAC
509,traded,HOLD,not_applicable,KMB
510,traded,HOLD,not_applicable,KMI
511,traded,HOLD,not_applicable,KMX
512,traded,HOLD,not_applicable,KNX
513,traded,HOLD,not_applicable,KO
514,traded,HOLD,not_applicable,KR
515,traded,HOLD,not_applicable,KRC
516,traded,HOLD,not_applicable,KSS
517,traded,HOLD,not_applicable,KSU
518,traded,HOLD,not_applicable,L
519,traded,HOLD,not_applicable,LAMR
520,traded,HOLD,not_applicable,LB
521,traded,HOLD,not_applicable,LBRDA
522,traded,HOLD,not_applicable,LBRDK
523,traded,HOLD,not_applicable,LBTYA
524,traded,HOLD,not_applicable,LBTYK
525,traded,HOLD,not_applicable,LDOS
526,traded,HOLD,not_applicable,LEA
527,traded,HOLD,not_applicable,LEN
528,traded,HOLD,not_applicable,LEVI
529,traded,HOLD,not_applicable,LFC
530,traded,HOLD,not_applicable,LH
531,traded,HOLD,not_applicable,LHX
532,traded,HOLD,not_applicable,LII
533,traded,HOLD,not_applicable,LIN
534,traded,HOLD,not_applicable,LITE
535,traded,HOLD,not_applicable,LK
536,traded,HOLD,not_applicable,LKQ
537,traded,HOLD,not_applicable,LLY
538,traded,HOLD,not_applicable,LMT
539,traded,HOLD,not_applicable,LN
540,traded,HOLD,not_applicable,LNC
541,traded,HOLD,not_applicable,LNG
542,traded,HOLD,not_applicable,LNT
543,traded,HOLD,not_applicable,LOGI
544,traded,HOLD,not_applicable,LOW
545,traded,HOLD,not_applicable,LPLA
546,traded,HOLD,not_applicable,LRCX
547,traded,HOLD,not_applicable,LSXMA
548,traded,HOLD,not_applicable,LSXMK
549,traded,HOLD,not_applicable,LULU
550,traded,HOLD,not_applicable,LUV
551,traded,HOLD,not_applicable,LVS
552,traded,HOLD,not_applicable,LW
553,traded,HOLD,not_applicable,LYB
554,traded,HOLD,not_applicable,LYFT
555,traded,HOLD,not_applicable,LYG
556,traded,HOLD,not_applicable,LYV
557,traded,HOLD,not_applicable,MA
558,traded,HOLD,not_applicable,MAA
559,traded,HOLD,not_applicable,MAR
560,traded,HOLD,not_applicable,MAS
561,traded,HOLD,not_applicable,MASI
562,traded,HOLD,not_applicable,MBT
563,traded,HOLD,not_applicable,MCD
564,traded,HOLD,not_applicable,MCHP
565,traded,HOLD,not_applicable,MCK
566,traded,HOLD,not_applicable,MCO
567,traded,HOLD,not_applicable,MDB
568,traded,HOLD,not_applicable,MDLZ
569,traded,HOLD,not_applicable,MDT
570,traded,HOLD,not_applicable,MDU
571,traded,HOLD,not_applicable,MELI
572,traded,HOLD,not_applicable,MET
573,traded,HOLD,not_applicable,MFC
574,traded,HOLD,not_applicable,MFG
575,traded,HOLD,not_applicable,MGA
576,traded,HOLD,not_applicable,MGM
577,traded,HOLD,not_applicable,MGP
578,traded,HOLD,not_applicable,MHK
579,traded,HOLD,not_applicable,MIDD
580,traded,HOLD,not_applicable,MKC
581,traded,HOLD,not_applicable,MKL
582,traded,HOLD,not_applicable,MKSI
583,traded,HOLD,not_applicable,MKTX
584,traded,HOLD,not_applicable,MLCO
585,traded,HOLD,not_applicable,MLM
586,traded,HOLD,not_applicable,MMC
587,traded,HOLD,not_applicable,MMM
588,traded,HOLD,not_applicable,MMP
589,traded,HOLD,not_applicable,MNST
590,traded,HOLD,not_applicable,MO
591,traded,HOLD,not_applicable,MOH
592,traded,HOLD,not_applicable,MOMO
593,traded,HOLD,not_applicable,MORN
594,traded,HOLD,not_applicable,MOS
595,traded,HOLD,not_applicable,MPC
596,traded,HOLD,not_applicable,MPLX
597,traded,HOLD,not_applicable,MPW
598,traded,HOLD,not_applicable,MPWR
599,traded,HOLD,not_applicable,MRK
600,traded,HOLD,not_applicable,MRNA
601,traded,HOLD,not_applicable,MRO
602,traded,HOLD,not_applicable,MRVL
603,traded,HOLD,not_applicable,MS
604,traded,HOLD,not_applicable,MSCI
605,traded,HOLD,not_applicable,MSFT
606,traded,HOLD,not_applicable,MSI
607,traded,HOLD,not_applicable,MT
608,traded,HOLD,not_applicable,MTB
609,traded,HOLD,not_applicable,MTCH
610,traded,HOLD,not_applicable,MTD
611,traded,HOLD,not_applicable,MTN
612,traded,HOLD,not_applicable,MU
613,traded,HOLD,not_applicable,MXIM
614,traded,HOLD,not_applicable,MYL
615,traded,HOLD,not_applicable,NBIX
616,traded,HOLD,not_applicable,NBL
617,traded,HOLD,not_applicable,NCLH
618,traded,HOLD,not_applicable,NDAQ
619,traded,HOLD,not_applicable,NDSN
620,traded,HOLD,not_applicable,NEE
621,traded,HOLD,not_applicable,NEM
622,traded,HOLD,not_applicable,NFLX
623,traded,HOLD,not_applicable,NGG
624,traded,HOLD,not_applicable,NI
625,traded,HOLD,not_applicable,NICE
626,traded,HOLD,not_applicable,NKE
627,traded,HOLD,not_applicable,NLOK
628,traded,HOLD,not_applicable,NLSN
629,traded,HOLD,not_applicable,NLY
630,traded,HOLD,not_applicable,NMR
631,traded,HOLD,not_applicable,NNN
632,traded,HOLD,not_applicable,NOC
633,traded,HOLD,not_applicable,NOK
634,traded,HOLD,not_applicable,NOV
635,traded,HOLD,not_applicable,NOW
636,traded,HOLD,not_applicable,NRG
637,traded,HOLD,not_applicable,NRZ
638,traded,HOLD,not_applicable,NSC
639,traded,HOLD,not_applicable,NTAP
640,traded,HOLD,not_applicable,NTCO
641,traded,HOLD,not_applicable,NTES
642,traded,HOLD,not_applicable,NTNX
643,traded,HOLD,not_applicable,NTR
644,traded,HOLD,not_applicable,NTRS
645,traded,HOLD,not_applicable,NUAN
646,traded,HOLD,not_applicable,NUE
647,traded,HOLD,not_applicable,NVCR
648,traded,HOLD,not_applicable,NVDA
649,traded,HOLD,not_applicable,NVO
650,traded,HOLD,not_applicable,NVR
651,traded,HOLD,not_applicable,NVS
652,traded,HOLD,not_applicable,NWL
653,traded,HOLD,not_applicable,NWSA
654,traded,HOLD,not_applicable,NXPI
655,traded,HOLD,not_applicable,NYT
656,traded,HOLD,not_applicable,O
657,traded,HOLD,not_applicable,OC
658,traded,HOLD,not_applicable,ODFL
659,traded,HOLD,not_applicable,OGE
660,traded,HOLD,not_applicable,OHI
661,traded,HOLD,not_applicable,OKE
662,traded,HOLD,not_applicable,OKTA
663,traded,HOLD,not_applicable,OLED
664,traded,HOLD,not_applicable,OMC
665,traded,HOLD,not_applicable,OMF
666,traded,HOLD,not_applicable,ON
667,traded,HOLD,not_applicable,ORAN
668,traded,HOLD,not_applicable,ORCL
669,traded,HOLD,not_applicable,ORI
670,traded,HOLD,not_applicable,ORLY
671,traded,HOLD,not_applicable,OTEX
672,traded,HOLD,not_applicable,OXY
673,traded,HOLD,not_applicable,PAA
674,traded,HOLD,not_applicable,PAC
675,traded,HOLD,not_applicable,PAGS
676,traded,HOLD,not_applicable,PANW
677,traded,HOLD,not_applicable,PAYC
678,traded,HOLD,not_applicable,PAYX
679,traded,HOLD,not_applicable,PB
680,traded,HOLD,not_applicable,PBA
681,traded,HOLD,not_applicable,PBCT
682,traded,HOLD,not_applicable,PBR
683,traded,HOLD,not_applicable,PCAR
684,traded,HOLD,not_applicable,PCG
685,traded,HOLD,not_applicable,PCTY
686,traded,HOLD,not_applicable,PDD
687,traded,HOLD,not_applicable,PE
688,traded,HOLD,not_applicable,PEAK
689,traded,HOLD,not_applicable,PEG
690,traded,HOLD,not_applicable,PEGA
691,traded,HOLD,not_applicable,PEN
692,traded,HOLD,not_applicable,PEP
693,traded,HOLD,not_applicable,PFE
694,traded,HOLD,not_applicable,PFG
695,traded,HOLD,not_applicable,PFPT
696,traded,HOLD,not_applicable,PG
697,traded,HOLD,not_applicable,PGR
698,traded,HOLD,not_applicable,PH
699,traded,HOLD,not_applicable,PHG
700,traded,HOLD,not_applicable,PHM
701,traded,HOLD,not_applicable,PINS
702,traded,HOLD,not_applicable,PKG
703,traded,HOLD,not_applicable,PKI
704,traded,HOLD,not_applicable,PKX
705,traded,HOLD,not_applicable,PLAN
706,traded,HOLD,not_applicable,PLD
707,traded,HOLD,not_applicable,PLNT
708,traded,HOLD,not_applicable,PM
709,traded,HOLD,not_applicable,PNC
710,traded,HOLD,not_applicable,PNR
711,traded,HOLD,not_applicable,PNW
712,traded,HOLD,not_applicable,PODD
713,traded,HOLD,not_applicable,POOL
714,traded,HOLD,not_applicable,POST
715,traded,HOLD,not_applicable,PPC
716,traded,HOLD,not_applicable,PPG
717,traded,HOLD,not_applicable,PPL
718,traded,HOLD,not_applicable,PRAH
719,traded,HOLD,not_applicable,PRGO
720,traded,HOLD,not_applicable,PRU
721,traded,HOLD,not_applicable,PSA
722,traded,HOLD,not_applicable,PSX
723,traded,HOLD,not_applicable,PSXP
724,traded,HOLD,not_applicable,PTC
725,traded,HOLD,not_applicable,PTON
726,traded,HOLD,not_applicable,PTR
727,traded,HOLD,not_applicable,PUK
728,traded,HOLD,not_applicable,PVH
729,traded,HOLD,not_applicable,PXD
730,traded,HOLD,not_applicable,PYPL
731,traded,HOLD,not_applicable,QCOM
732,traded,HOLD,not_applicable,QGEN
733,traded,HOLD,not_applicable,QRVO
734,traded,HOLD,not_applicable,QSR
735,traded,HOLD,not_applicable,RACE
736,traded,HOLD,not_applicable,RBS
737,traded,HOLD,not_applicable,RCI
738,traded,HOLD,not_applicable,RCL
739,traded,HOLD,not_applicable,RDY
740,traded,HOLD,not_applicable,RE
741,traded,HOLD,not_applicable,REG
742,traded,HOLD,not_applicable,REGN
743,traded,HOLD,not_applicable,RELX
744,traded,HOLD,not_applicable,RETA
745,traded,HOLD,not_applicable,RF
746,traded,HOLD,not_applicable,RGA
747,traded,HOLD,not_applicable,RGLD
748,traded,HOLD,not_applicable,RHI
749,traded,HOLD,not_applicable,RIO
750,traded,HOLD,not_applicable,RJF
751,traded,HOLD,not_applicable,RL
752,traded,HOLD,not_applicable,RMD
753,traded,HOLD,not_applicable,RNG
754,traded,HOLD,not_applicable,RNR
755,traded,HOLD,not_applicable,ROK
756,traded,HOLD,not_applicable,ROKU
757,traded,HOLD,not_applicable,ROL
758,traded,HOLD,not_applicable,ROP
759,traded,HOLD,not_applicable,ROST
760,traded,HOLD,not_applicable,RPM
761,traded,HOLD,not_applicable,RS
762,traded,HOLD,not_applicable,RSG
763,traded,HOLD,not_applicable,RTN
764,traded,HOLD,not_applicable,RY
765,traded,HOLD,not_applicable,RYAAY
766,traded,HOLD,not_applicable,S
767,traded,HOLD,not_applicable,SAN
768,traded,HOLD,not_applicable,SAP
769,traded,HOLD,not_applicable,SBAC
770,traded,HOLD,not_applicable,SBNY
771,traded,HOLD,not_applicable,SBS
772,traded,HOLD,not_applicable,SBUX
773,traded,HOLD,not_applicable,SC
774,traded,HOLD,not_applicable,SCCO
775,traded,HOLD,not_applicable,SCHW
776,traded,HOLD,not_applicable,SCI
777,traded,HOLD,not_applicable,SE
778,traded,HOLD,not_applicable,SEIC
779,traded,HOLD,not_applicable,SGEN
780,traded,HOLD,not_applicable,SHG
781,traded,HOLD,not_applicable,SHOP
782,traded,HOLD,not_applicable,SHW
783,traded,HOLD,not_applicable,SIRI
784,traded,HOLD,not_applicable,SIVB
785,traded,HOLD,not_applicable,SJM
786,traded,HOLD,not_applicable,SJR
787,traded,HOLD,not_applicable,SKM
788,traded,HOLD,not_applicable,SLB
789,traded,HOLD,not_applicable,SLF
790,traded,HOLD,not_applicable,SLG
791,traded,HOLD,not_applicable,SLMBP
792,traded,HOLD,not_applicable,SMFG
793,traded,HOLD,not_applicable,SMG
794,traded,HOLD,not_applicable,SNA
795,traded,HOLD,not_applicable,SNAP
796,traded,HOLD,not_applicable,SNE
797,traded,HOLD,not_applicable,SNN
798,traded,HOLD,not_applicable,SNP
799,traded,HOLD,not_applicable,SNPS
800,traded,HOLD,not_applicable,SNX
801,traded,HOLD,not_applicable,SNY
802,traded,HOLD,not_applicable,SO
803,traded,HOLD,not_applicable,SPG
804,traded,HOLD,not_applicable,SPGI
805,traded,HOLD,not_applicable,SPLK
806,traded,HOLD,not_applicable,SPOT
807,traded,HOLD,not_applicable,SPR
808,traded,HOLD,not_applicable,SQ
809,traded,HOLD,not_applicable,SQM
810,traded,HOLD,not_applicable,SRE
811,traded,HOLD,not_applicable,SRPT
812,traded,HOLD,not_applicable,SSL
813,traded,HOLD,not_applicable,SSNC
814,traded,HOLD,not_applicable,ST
815,traded,HOLD,not_applicable,STE
816,traded,HOLD,not_applicable,STM
817,traded,HOLD,not_applicable,STNE
818,traded,HOLD,not_applicable,STOR
819,traded,HOLD,not_applicable,STT
820,traded,HOLD,not_applicable,STWD
821,traded,HOLD,not_applicable,STX
822,traded,HOLD,not_applicable,STZ
823,traded,HOLD,not_applicable,SU
824,traded,HOLD,not_applicable,SUI
825,traded,HOLD,not_applicable,SUZ
826,traded,HOLD,not_applicable,SWK
827,traded,HOLD,not_applicable,SWKS
828,traded,HOLD,not_applicable,SWP
829,traded,HOLD,not_applicable,SYF
830,traded,HOLD,not_applicable,SYK
831,traded,HOLD,not_applicable,SYNH
832,traded,HOLD,not_applicable,SYY
833,traded,HOLD,not_applicable,T
834,traded,HOLD,not_applicable,TAK
835,traded,HOLD,not_applicable,TAL
836,traded,HOLD,not_applicable,TAP
837,traded,HOLD,not_applicable,TCF
838,traded,HOLD,not_applicable,TCOM
839,traded,HOLD,not_applicable,TD
840,traded,HOLD,not_applicable,TDG
841,traded,HOLD,not_applicable,TDOC
842,traded,HOLD,not_applicable,TDY
843,traded,HOLD,not_applicable,TEAM
844,traded,HOLD,not_applicable,TECH
845,traded,HOLD,not_applicable,TECK
846,traded,HOLD,not_applicable,TEF
847,traded,HOLD,not_applicable,TEL
848,traded,HOLD,not_applicable,TER
849,traded,HOLD,not_applicable,TEVA
850,traded,HOLD,not_applicable,TFC
851,traded,HOLD,not_applicable,TFX
852,traded,HOLD,not_applicable,TGT
853,traded,HOLD,not_applicable,TIF
854,traded,HOLD,not_applicable,TJX
855,traded,HOLD,not_applicable,TLK
856,traded,HOLD,not_applicable,TM
857,traded,HOLD,not_applicable,TME
858,traded,HOLD,not_applicable,TMO
859,traded,HOLD,not_applicable,TMUS
860,traded,HOLD,not_applicable,TOL
861,traded,HOLD,not_applicable,TOT
862,traded,HOLD,not_applicable,TPR
863,traded,HOLD,not_applicable,TRGP
864,traded,HOLD,not_applicable,TRI
865,traded,HOLD,not_applicable,TRMB
866,traded,HOLD,not_applicable,TROW
867,traded,HOLD,not_applicable,TRP
868,traded,HOLD,not_applicable,TRU
869,traded,HOLD,not_applicable,TRV
870,traded,HOLD,not_applicable,TS
871,traded,HOLD,not_applicable,TSCO
872,traded,HOLD,not_applicable,TSG
873,traded,HOLD,not_applicable,TSLA
874,traded,HOLD,not_applicable,TSM
875,traded,HOLD,not_applicable,TSN
876,traded,HOLD,not_applicable,TSU
877,traded,HOLD,not_applicable,TTC
878,traded,HOLD,not_applicable,TTD
879,traded,HOLD,not_applicable,TTM
880,traded,HOLD,not_applicable,TTWO
881,traded,HOLD,not_applicable,TU
882,traded,HOLD,not_applicable,TV
883,traded,HOLD,not_applicable,TW
884,traded,HOLD,not_applicable,TWLO
885,traded,HOLD,not_applicable,TWTR
886,traded,HOLD,not_applicable,TXG
887,traded,HOLD,not_applicable,TXN
888,traded,HOLD,not_applicable,TXT
889,traded,HOLD,not_applicable,TYL
890,traded,HOLD,not_applicable,UAA
891,traded,HOLD,not_applicable,UAL
892,traded,HOLD,not_applicable,UBER
893,traded,HOLD,not_applicable,UBS
894,traded,HOLD,not_applicable,UDR
895,traded,HOLD,not_applicable,UGI
896,traded,HOLD,not_applicable,UHAL
897,traded,HOLD,not_applicable,UHS
898,traded,HOLD,not_applicable,UI
899,traded,HOLD,not_applicable,UL
900,traded,HOLD,not_applicable,ULTA
901,traded,HOLD,not_applicable,UMC
902,traded,HOLD,not_applicable,UN
903,traded,HOLD,not_applicable,UNH
904,traded,HOLD,not_applicable,UNP
905,traded,HOLD,not_applicable,UPS
906,traded,HOLD,not_applicable,URI
907,traded,HOLD,not_applicable,USB
908,traded,HOLD,not_applicable,USFD
909,traded,HOLD,not_applicable,V
910,traded,HOLD,not_applicable,VALE
911,traded,HOLD,not_applicable,VAR
912,traded,HOLD,not_applicable,VEDL
913,traded,HOLD,not_applicable,VEEV
914,traded,HOLD,not_applicable,VER
915,traded,HOLD,not_applicable,VFC
916,traded,HOLD,not_applicable,VIAC
917,traded,HOLD,not_applicable,VICI
918,traded,HOLD,not_applicable,VIPS
919,traded,HOLD,not_applicable,VIV
920,traded,HOLD,not_applicable,VLO
921,traded,HOLD,not_applicable,VMC
922,traded,HOLD,not_applicable,VMW
923,traded,HOLD,not_applicable,VNO
924,traded,HOLD,not_applicable,VOD
925,traded,HOLD,not_applicable,VOYA
926,traded,HOLD,not_applicable,VRSK
927,traded,HOLD,not_applicable,VRSN
928,traded,HOLD,not_applicable,VRTX
929,traded,HOLD,not_applicable,VST
930,traded,HOLD,not_applicable,VTR
931,traded,HOLD,not_applicable,VZ
932,traded,HOLD,not_applicable,W
933,traded,HOLD,not_applicable,WAB
934,traded,HOLD,not_applicable,WAT
935,traded,HOLD,not_applicable,WB
936,traded,HOLD,not_applicable,WBA
937,traded,HOLD,not_applicable,WBC
938,traded,HOLD,not_applicable,WBK
939,traded,HOLD,not_applicable,WCN
940,traded,HOLD,not_applicable,WDAY
941,traded,HOLD,not_applicable,WDC
942,traded,HOLD,not_applicable,WEC
943,traded,HOLD,not_applicable,WELL
944,traded,HOLD,not_applicable,WES
945,traded,HOLD,not_applicable,WEX
946,traded,HOLD,not_applicable,WF
947,traded,HOLD,not_applicable,WFC
948,traded,HOLD,not_applicable,WHR
949,traded,HOLD,not_applicable,WIT
950,traded,HOLD,not_applicable,WIX
951,traded,HOLD,not_applicable,WLK
952,traded,HOLD,not_applicable,WLTW
953,traded,HOLD,not_applicable,WM
954,traded,HOLD,not_applicable,WMB
955,traded,HOLD,not_applicable,WMT
956,traded,HOLD,not_applicable,WORK
957,traded,HOLD,not_applicable,WPC
958,traded,HOLD,not_applicable,WPM
959,traded,HOLD,not_applicable,WPP
960,traded,HOLD,not_applicable,WRB
961,traded,HOLD,not_applicable,WRK
962,traded,HOLD,not_applicable,WSO
963,traded,HOLD,not_applicable,WST
964,traded,HOLD,not_applicable,WTRU
965,traded,HOLD,not_applicable,WU
966,traded,HOLD,not_applicable,WUBA
967,traded,HOLD,not_applicable,WWD
968,traded,HOLD,not_applicable,WY
969,traded,HOLD,not_applicable,WYNN
970,traded,HOLD,not_applicable,XEL
971,traded,HOLD,not_applicable,XLNX
972,traded,HOLD,not_applicable,XOM
973,traded,HOLD,not_applicable,XP
974,traded,HOLD,not_applicable,XPO
975,traded,HOLD,not_applicable,XRAY
976,traded,HOLD,not_applicable,XRX
977,traded,HOLD,not_applicable,XYL
978,traded,HOLD,not_applicable,Y
979,traded,HOLD,not_applicable,YNDX
980,traded,HOLD,not_applicable,YUM
981,traded,HOLD,not_applicable,YUMC
982,traded,HOLD,not_applicable,Z
983,traded,HOLD,not_applicable,ZAYO
984,traded,HOLD,not_applicable,ZBH
985,traded,HOLD,not_applicable,ZBRA
986,traded,HOLD,not_applicable,ZEN
987,traded,HOLD,not_applicable,ZG
988,traded,HOLD,not_applicable,ZION
989,traded,HOLD,not_applicable,ZM
990,traded,HOLD,not_applicable,ZNGA
991,traded,HOLD,not_applicable,ZNH
992,traded,HOLD,not_applicable,ZS
993,traded,HOLD,not_applicable,ZTO
994,traded,HOLD,not_applicable,ZTS
